{"cameraMode":{"drawMode":0,"name":"Shaded","section":"Shading Mode"},"sceneLighting":true,"audioPlay":false,"sceneViewState":{"m_AlwaysRefresh":false,"showFog":true,"showSkybox":true,"showFlares":true,"showImageEffects":true,"showParticleSystems":true,"showVisualEffectGraphs":true,"m_FxEnabled":true},"in2DMode":false,"pivot":{"x":-21.361162185668947,"y":4.686784744262695,"z":20.58356285095215},"rotation":{"x":-0.016816329210996629,"y":-0.797730028629303,"z":0.02225472219288349,"w":-0.6023661494255066},"size":0.17948834598064423,"orthographic":false}